{
  "overall_accuracy": {
    "gpt-4.1": 0.9995642701525055,
    "gpt-3.5-turbo": 0.8139433551198257,
    "random_baseline": 0.12679738562091503,
    "first_state_baseline": 0.7821350762527233
  },
  "accuracy_by_characters": {
    "gpt-4.1": {
      "2": 1.0,
      "3": 1.0,
      "4": 1.0,
      "5": 1.0,
      "6": 1.0,
      "8": 0.9953703703703703,
      "10": 1.0,
      "12": 1.0,
      "15": 1.0,
      "20": 1.0
    },
    "gpt-3.5-turbo": {
      "2": 0.8148148148148148,
      "3": 0.7407407407407407,
      "4": 0.7222222222222222,
      "5": 0.7703703703703704,
      "6": 0.8148148148148148,
      "8": 0.8055555555555556,
      "10": 0.8,
      "12": 0.8117283950617284,
      "15": 0.8592592592592593,
      "20": 0.8314814814814815
    }
  },
  "accuracy_by_question_type": {
    "gpt-4.1": {
      "holding": 1.0,
      "location": 1.0,
      "mood": 0.9986928104575163
    },
    "gpt-3.5-turbo": {
      "holding": 0.6888888888888889,
      "location": 0.8784313725490196,
      "mood": 0.8745098039215686
    }
  },
  "accuracy_by_actions": {
    "gpt-4.1": {
      "5": 1.0,
      "10": 0.9986928104575163,
      "20": 1.0
    },
    "gpt-3.5-turbo": {
      "5": 0.8183006535947712,
      "10": 0.8339869281045752,
      "20": 0.7895424836601307
    }
  },
  "statistical_tests": {
    "gpt-4.1": {
      "correlation_chars_vs_acc": 0.03040370509964671,
      "correlation_pvalue": 0.9335533401172222
    },
    "gpt-3.5-turbo": {
      "correlation_chars_vs_acc": 0.6641764585288862,
      "correlation_pvalue": 0.03620764136328002
    }
  },
  "sample_size": {
    "total_examples": 90,
    "total_questions": 2295,
    "questions_per_model": 2295
  }
}